INSERT INTO UNIT (ID, FULL_NAME, SHORT_NAME) VALUES (101, 'Wydział Inżynierii Środowiska i Energetyki', 'WIŚiE');
INSERT INTO UNIT (ID, FULL_NAME, SHORT_NAME) VALUES (102, 'Wydział Architektury', 'WA');
INSERT INTO UNIT (ID, FULL_NAME, SHORT_NAME) VALUES (103, 'Wydział Inżynierii Elektrycznej i Komputerowej', 'WIEiK');
INSERT INTO UNIT (ID, FULL_NAME, SHORT_NAME) VALUES (104, 'Wydział Inżynierii i Technologii Chemicznej', 'WIitCh');
INSERT INTO UNIT (ID, FULL_NAME, SHORT_NAME) VALUES (105, 'Wydział Mechaniczny', 'WM');
INSERT INTO UNIT (ID, FULL_NAME, SHORT_NAME) VALUES (106, 'Wydział Informatyki i Telekomunikacji', 'WIiT');
INSERT INTO UNIT (ID, FULL_NAME, SHORT_NAME) VALUES (107, 'Wydział Inżynierii Lądowej', 'WIL');
INSERT INTO UNIT (ID, FULL_NAME, SHORT_NAME) VALUES (108, 'Wydział Inżynierii Materiałowej i Fizyki', 'WIMiF');
INSERT INTO UNIT (ID, FULL_NAME, SHORT_NAME) VALUES (109, 'Administracja Centralna', 'AC');
INSERT INTO UNIT (ID, FULL_NAME, SHORT_NAME) VALUES (110, 'Biblioteka Główna', 'BG');
INSERT INTO UNIT (ID, FULL_NAME, SHORT_NAME) VALUES (111, 'Studium Języków Obcych', 'SJO');
INSERT INTO UNIT (ID, FULL_NAME, SHORT_NAME) VALUES (112, 'Centrum Sportu i Rekreacji', 'CSiR');

INSERT INTO PLACES (ID, TITLE, IMAGE_URL, DESCRIPTION, SUBTITLE, ALT_TEXT) VALUES (101, 'Lubomierz', 'https://images.unsplash.com/photo-1519681393784-d120267933ba?ixid=MXwxMjA3fDB8MHxwaG90by1wYWdlfHx8fGVufDB8fHw%3D&ixlib=rb-1.2.1&auto=format&fit=crop&w=750&q=80','Lorem ipsum dolor sit amet, consectetur adipisicing elit, sed do eiusmod tempor incididunt ut.','Snow covered mountain','alt tekst');
INSERT INTO PLACES (ID, TITLE, IMAGE_URL, DESCRIPTION, SUBTITLE, ALT_TEXT) VALUES (102, 'Kluszkowce', 'https://images.unsplash.com/photo-1512273222628-4daea6e55abb?ixid=MXwxMjA3fDB8MHxwaG90by1wYWdlfHx8fGVufDB8fHw%3D&ixlib=rb-1.2.1&auto=format&fit=crop&w=750&q=80','Lorem ipsum dolor sit amet, consectetur adipisicing elit, sed do eiusmod tempor incididunt ut.','River between mountains','alt tekst');
INSERT INTO PLACES (ID, TITLE, IMAGE_URL, DESCRIPTION, SUBTITLE, ALT_TEXT) VALUES (103, 'Kasina Wielka', 'https://images.unsplash.com/photo-1536048810607-3dc7f86981cb?ixid=MXwxMjA3fDB8MHxwaG90by1wYWdlfHx8fGVufDB8fHw%3D&ixlib=rb-1.2.1&auto=format&fit=crop&w=375&q=80','Lorem ipsum dolor sit amet, consectetur adipisicing elit, sed do eiusmod tempor incididunt ut.','Milky way on mountains','alt tekst');
INSERT INTO PLACES (ID, TITLE, IMAGE_URL, DESCRIPTION, SUBTITLE, ALT_TEXT) VALUES (104, 'Harenda', 'https://images.unsplash.com/photo-1515705576963-95cad62945b6?ixlib=rb-1.2.1&ixid=MXwxMjA3fDB8MHxwaG90by1wYWdlfHx8fGVufDB8fHw%3D&auto=format&fit=crop&w=750&q=80','Lorem ipsum dolor sit amet, consectetur adipisicing elit, sed do eiusmod tempor incididunt ut.','Mountain with fog','alt tekst');
INSERT INTO PLACES (ID, TITLE, IMAGE_URL, DESCRIPTION, SUBTITLE, ALT_TEXT) VALUES (105, 'Spytkowice', 'https://images.unsplash.com/photo-1562832135-14a35d25edef?ixid=MXwxMjA3fDB8MHxwaG90by1wYWdlfHx8fGVufDB8fHw%3D&ixlib=rb-1.2.1&auto=format&fit=crop&w=815&q=80','Lorem ipsum dolor sit amet, consectetur adipisicing elit, sed do eiusmod tempor incididunt ut.','Mountain with fog','alt tekst');

INSERT INTO PERSON (ID,FIRST_NAME,LAST_NAME,GENDER,DATE_OF_BIRTH,USERNAME, PASSWORD, UNIT_ID, ENABLED) VALUES (101, 'Piotr','Kowalski','Mezczyzna','1980-01-13','PiotrKowalski@pk.edu.pl','123', 101, 1);
INSERT INTO PERSON (ID,FIRST_NAME,LAST_NAME,GENDER,DATE_OF_BIRTH,USERNAME, PASSWORD, UNIT_ID, ENABLED) VALUES (102, 'Tomasz','Wisniewski','Mezczyzna','1991-12-01','TomaszWisniewski@pk.edu.pl','123', 102, 1);
INSERT INTO PERSON (ID,FIRST_NAME,LAST_NAME,GENDER,DATE_OF_BIRTH,USERNAME, PASSWORD, UNIT_ID, ENABLED) VALUES (103, 'Wojciech','Szymanski','Mezczyzna','1978-01-10','WojciechSzymanski@pk.edu.pl','123', 103, 1);
INSERT INTO PERSON (ID,FIRST_NAME,LAST_NAME,GENDER,DATE_OF_BIRTH,USERNAME, PASSWORD, UNIT_ID, ENABLED) VALUES (104, 'Wincenty','Piasecki','Mezczyzna','2001-05-19','WincPiasecki18@pk.edu.pl','123', 104, 1);
INSERT INTO PERSON (ID,FIRST_NAME,LAST_NAME,GENDER,DATE_OF_BIRTH,USERNAME, PASSWORD, UNIT_ID, ENABLED) VALUES (105, 'Cyprian','Orzechowski','Mezczyzna','1988-09-22','Orzechcyprian12@pk.edu.pl','123', 106, 1);
INSERT INTO PERSON (ID,FIRST_NAME,LAST_NAME,GENDER,DATE_OF_BIRTH,USERNAME, PASSWORD, UNIT_ID, ENABLED) VALUES (106, 'Edyta','Makowska','Kobieta','1999-10-01','EdtaMakowska@pk.edu.pl','123', 109, 1);
INSERT INTO PERSON (ID,FIRST_NAME,LAST_NAME,GENDER,DATE_OF_BIRTH,USERNAME, PASSWORD, UNIT_ID, ENABLED) VALUES (107, 'Mirosława','Kowalewska','Kobieta','1982-12-01','MslawaKow12@pk.edu.pl','123', 110, 1);
INSERT INTO PERSON (ID,FIRST_NAME,LAST_NAME,GENDER,DATE_OF_BIRTH,USERNAME, PASSWORD, UNIT_ID, ENABLED) VALUES (108, 'Monika','Socha','Kobieta','1979-06-30','MonikaSOcha1920@pk.edu.pl','123', 111, 1);
INSERT INTO PERSON (ID,FIRST_NAME,LAST_NAME,GENDER,DATE_OF_BIRTH,USERNAME, PASSWORD, UNIT_ID, ENABLED) VALUES (109, 'Marzena','Matuszewska','Kobieta','1998-12-01','MarzenaMatuszewska@pk.edu.pl','123', 112, 1);


INSERT INTO TOURNAMENT (ID, COMPETITION, DATE_TIME,COMPETITION_TYPE, DESCRIPTION, STATUS, PLACE_ID, UNIT_ID) VALUES (101, 'SLALOM', '2021-01-30T18:54:23','SINGLE_COMPETITIONS_SPONSOR_CUP', 'Zawody o puchar Rektora 2021 Styczeń', 'INCOMING', 101, 101);
INSERT INTO TOURNAMENT (ID, COMPETITION, DATE_TIME,COMPETITION_TYPE, DESCRIPTION, STATUS, PLACE_ID, UNIT_ID) VALUES (102, 'SLALOM', '2021-02-12T18:54:23','SINGLE_COMPETITIONS_SPONSOR_CUP', 'Zawody o puchar Rektora 2021 Luty', 'INCOMING', 102, 102);
INSERT INTO TOURNAMENT (ID, COMPETITION, DATE_TIME,COMPETITION_TYPE, DESCRIPTION, STATUS, PLACE_ID, UNIT_ID) VALUES (103, 'GIGANT', '2021-03-24T18:54:23','SINGLE_COMPETITIONS_SPONSOR_CUP', 'Zawody o puchar Rektora 2021 Marzec', 'INCOMING', 102, 103);
INSERT INTO TOURNAMENT (ID, COMPETITION, DATE_TIME,COMPETITION_TYPE, DESCRIPTION, STATUS, PLACE_ID, UNIT_ID) VALUES (104, 'GIGANT', '2021-04-27T19:23:23','SINGLE_COMPETITIONS_SPONSOR_CUP', 'Zawody o puchar Rektora 2021 Kwiecień', 'INCOMING', 103, 102);
INSERT INTO TOURNAMENT (ID, COMPETITION, DATE_TIME,COMPETITION_TYPE, DESCRIPTION, STATUS, PLACE_ID, UNIT_ID) VALUES (105, 'GIGANT', '2021-10-24T18:54:23','SINGLE_COMPETITIONS_ONE_COMPETITION_TYPE', 'Zawody o Puchar KU AZS 2021', 'INCOMING', 103, 103);
INSERT INTO TOURNAMENT (ID, COMPETITION, DATE_TIME,COMPETITION_TYPE, DESCRIPTION, STATUS, PLACE_ID, UNIT_ID) VALUES (106, 'GIGANT', '2020-09-24T18:54:23','SINGLE_COMPETITIONS_ONE_COMPETITION_TYPE', 'Zawody o Puchar KU AZS 2020', 'PAST', 104, 104);


INSERT INTO PERSON_TOURNAMENT_DATA (ID, SIGN_STATUS, PERSON_ID, TOURNAMENT_ID) VALUES (101, 'ACCEPTED', 101, 101);
INSERT INTO PERSON_TOURNAMENT_DATA (ID, SIGN_STATUS, PERSON_ID, TOURNAMENT_ID) VALUES (102, 'ACCEPTED', 102, 101);
INSERT INTO PERSON_TOURNAMENT_DATA (ID, SIGN_STATUS, PERSON_ID, TOURNAMENT_ID) VALUES (103, 'ACCEPTED', 106, 101);
INSERT INTO PERSON_TOURNAMENT_DATA (ID, SIGN_STATUS, PERSON_ID, TOURNAMENT_ID) VALUES (104, 'ACCEPTED', 108, 101);

INSERT INTO PERSON_TOURNAMENT_DATA (ID, SIGN_STATUS, PERSON_ID, TOURNAMENT_ID) VALUES (105, 'ACCEPTED', 101, 102);
INSERT INTO PERSON_TOURNAMENT_DATA (ID, SIGN_STATUS, PERSON_ID, TOURNAMENT_ID) VALUES (106, 'ACCEPTED', 102, 102);
INSERT INTO PERSON_TOURNAMENT_DATA (ID, SIGN_STATUS, PERSON_ID, TOURNAMENT_ID) VALUES (107, 'ACCEPTED', 106, 102);
INSERT INTO PERSON_TOURNAMENT_DATA (ID, SIGN_STATUS, PERSON_ID, TOURNAMENT_ID) VALUES (108, 'ACCEPTED', 108, 102);

INSERT INTO PERSON_TOURNAMENT_DATA (ID, SIGN_STATUS, PERSON_ID, TOURNAMENT_ID) VALUES (109, 'ACCEPTED', 101, 103);
INSERT INTO PERSON_TOURNAMENT_DATA (ID, SIGN_STATUS, PERSON_ID, TOURNAMENT_ID) VALUES (110, 'ACCEPTED', 102, 103);
INSERT INTO PERSON_TOURNAMENT_DATA (ID, SIGN_STATUS, PERSON_ID, TOURNAMENT_ID) VALUES (111, 'ACCEPTED', 106, 103);
INSERT INTO PERSON_TOURNAMENT_DATA (ID, SIGN_STATUS, PERSON_ID, TOURNAMENT_ID) VALUES (112, 'ACCEPTED', 108, 103);

INSERT INTO PERSON_TOURNAMENT_DATA (ID, SIGN_STATUS, PERSON_ID, TOURNAMENT_ID) VALUES (113, 'ACCEPTED', 101, 104);
INSERT INTO PERSON_TOURNAMENT_DATA (ID, SIGN_STATUS, PERSON_ID, TOURNAMENT_ID) VALUES (114, 'ACCEPTED', 102, 104);
INSERT INTO PERSON_TOURNAMENT_DATA (ID, SIGN_STATUS, PERSON_ID, TOURNAMENT_ID) VALUES (115, 'ACCEPTED', 106, 104);
INSERT INTO PERSON_TOURNAMENT_DATA (ID, SIGN_STATUS, PERSON_ID, TOURNAMENT_ID) VALUES (116, 'ACCEPTED', 108, 104);




